旧页面,旧网址（/Wap/ 和小写写法同样处理）,跳到新站
公司介绍,/Home/Page/index/id/7.html,https://www.cccoach.cn/profile
中心介绍,/Home/Page/index/id/14.html,https://www.cccoach.cn/article/category/dimensional
进化教练,/Home/Page/index/id/16.html,https://www.cccoach.cn/brand-courses-evolution
杉树计划,/Home/Page/index/id/17.html,https://www.cccoach.cn/social_social
教练专业知识,/Home/Page/index/id/18.html,https://www.cccoach.cn/article/category/encyclopedia
高级进化教练,/Home/Page/index/id/27.html,https://www.cccoach.cn/brand-courses-coach-senior
进化教练,/Home/Page/index/id/28.html,https://www.cccoach.cn/brand-courses-evolution
杉树教练公益课,/Home/Page/index/id/29.html,https://www.cccoach.cn/social_social
空间介绍,/Home/Page/index/id/34.html,https://www.cccoach.cn/article/category/dimensional
上海中心,/Home/Page/index/id/36.html,https://www.cccoach.cn/article/3
深圳中心,/Home/Page/index/id/37.html,https://www.cccoach.cn/article/57
4C团队教练,/Home/Page/index/id/45.html,https://www.cccoach.cn/brand-courses-team4c
核心教练团队,/Home/Page/index/id/46.html,https://www.cccoach.cn/article/category/coachers
杉树计划,/Home/Page/index/id/47.html,https://www.cccoach.cn/social_social
公益足迹,/Home/Page/index/id/48.html,https://www.cccoach.cn/social_social
杉树计划,/Home/Page/index/id/49.html,https://www.cccoach.cn/social_social
公益产品,/Home/Page/index/id/50.html,https://www.cccoach.cn/social_social
教练专业知识,/Home/Page/index/id/55.html,https://www.cccoach.cn/article/category/encyclopedia
PCC直通车,/Home/Page/index/id/56.html,https://www.cccoach.cn/brand-courses-team-pcc
社会大剧院,/Home/Page/index/id/60.html,https://www.cccoach.cn/brand-courses-coach-social-theater
4C团队教练,/Home/Page/index/id/61.html,https://www.cccoach.cn/brand-courses-team4c
大事记,/Home/Page/index/id/62.html,https://www.cccoach.cn/memorabilia_memorabilia
与教练对话,/Home/Page/index/id/64.html,https://www.cccoach.cn/brand-courses-dialogue
纯净教练,/Home/Page/index/id/72.html,https://www.cccoach.cn/brand-courses-significant
MCC大师级教练,/Home/Page/index/id/76.html,https://www.cccoach.cn/brand-courses-coach-mcc
督导认证班,/Home/Page/index/id/77.html,https://www.cccoach.cn/brand-courses-coach-supervisor
视频花絮,/Home/List/index/id/19.html,https://www.cccoach.cn/exciting_exciting
教练专业知识,/Home/List/index/id/51.html,https://www.cccoach.cn/article/category/encyclopedia
核心教练,/Home/List/index/id/56.html,https://www.cccoach.cn/article/category/coachers
导师介绍：隋于军 Allow,/Home/List/show/id/22.html,https://www.cccoach.cn/article/14
导师介绍：何朝霞 Tess,/Home/List/show/id/25.html,https://www.cccoach.cn/article/15
导师介绍：庄磊,/Home/List/show/id/26.html,https://www.cccoach.cn/article/39
导师介绍：尤志欣 Eric,/Home/List/show/id/27.html,https://www.cccoach.cn/article/18
导师介绍：Zoran Todorovic,/Home/List/show/id/154.html,https://www.cccoach.cn/article/2
导师介绍：Marcia Reynolds,/Home/List/show/id/155.html,https://www.cccoach.cn/article/5
导师介绍：Lisa Wynn,/Home/List/show/id/156.html,https://www.cccoach.cn/article/4
导师介绍：贺拥军 Jeff,/Home/List/show/id/263.html,https://www.cccoach.cn/article/12
导师介绍：张黎峻 Jane,/Home/List/show/id/275.html,https://www.cccoach.cn/article/19
导师介绍：Nancy Hughes,/Home/List/show/id/647.html,https://www.cccoach.cn/article/7
导师介绍：Amos Szeps,/Home/List/show/id/648.html,https://www.cccoach.cn/article/6
导师介绍：Jean-François Cousin,/Home/List/show/id/658.html,https://www.cccoach.cn/article/8
文章：教练是什么？它和心理治疗、咨询、培训有什么区别？,/Home/List/show/id/646.html,https://www.cccoach.cn/article/55
文章：深度解析教练GROW模型,/Home/List/show/id/636.html,https://www.cccoach.cn/article/56
文章：4C团队教练实践—走进制造型企业,/Home/List/show/id/601.html,https://www.cccoach.cn/article/76
文章：学会聆听，是一项受用终生的技能,/Home/List/show/id/649.html,https://www.cccoach.cn/article/72
文章：企业实践案例：4C团队教练走进商业银行,/Home/List/show/id/599.html,https://www.cccoach.cn/article/74
旧首页,/Home/、/Wap/、/Home/Index/index.html 等,https://www.cccoach.cn/
